{
  "tasks": [
    {
      "id": "1",
      "text": "Emptying safes at Bank Hapoalim",
      "date": "Dec 29th at 2:30pm",
      "soldiers": ["Alon","Avi","Dud"]
    },
    {
      "id": "2",
      "text": "Emptying safes at Bank Leumi",
      "date": "Dec 30th at 2:30pm",
      "soldiers": ["Joe","John","Alon"]
    },
    {
      "id": "3",
      "text": "Collection of sponsorship",
      "date": "Dec 29th at 9:30pm",
      "soldiers": ["Willy","Avi","Alon"]
    },
    {
      "id": "4",
      "text": "Personal Security",
      "date": "Dec 30th at 10:30pm",
      "soldiers": ["Joe","John"]
    }
  ],

  "soldiers":[
    {
      "id": 1,
      "name": "Alon",
      "tasks": [
        "Emptying safes at Bank Hapoalim",
        "Emptying safes at Bank Leumi",
        "Collection of sponsorship"
      ]
    },
    {
      "id": "2",
      "name": "Joe",
      "tasks": [
        "Personal Security",
        "Emptying safes at Bank Leumi"
      ]
    },
    {
      "id": "3",
      "name": "Avi",
      "tasks": [
        "Emptying safes at Bank Hapoalim",
        "Collection of sponsorship"
      ]
    },
    {
      "id": "4",
      "name": "Dud",
      "tasks": [
        "Emptying safes at Bank Hapoalim"
      ]
    },
    {
      "id": "5",
      "name": "John",
      "tasks": [
        "Emptying safes at Bank Hapoalim",
        "Personal Security"
      ]
    },
    {
      "id": "6",
      "name": "Willy",
      "tasks": [
        "Collection of sponsorship"
      ]
    }
  ]
}

